"","mortality","thinning","roaddist","slope","treesize"
"1",0,1,1.414885193808,23.342900479805,12.3003737302497
"2",0,0,0.541953375795856,29.9264133309956,6.94800551515073
"3",0,1,1.63017246779054,17.9469753917175,2.17846800107509
"4",0,1,3.73806217359379,16.9635702540521,10.5182755365968
"5",0,1,3.39164832676761,25.0662503150721,0.509976143948734
"6",0,0,6.9336465052329,20.4198913168575,9.78825567755848
"7",1,1,0.00339934579096735,29.4719841964124,18.5353752411902
"8",0,1,7.81906783464365,19.2523289712245,3.13692809548229
"9",0,1,1.95033459411934,22.5839994276002,8.742277729325
"10",0,1,3.51400560163893,25.6620549462828,15.0774131296203
"11",1,1,1.66795449354686,27.1731567177633,8.89951918274164
"12",0,1,1.0632776976563,24.3317144627168,4.265829003416
"13",0,0,1.87806380074471,18.1525971527326,9.6796799171716
"14",1,0,7.10248569329269,28.8921938833654,3.13390634488314
"15",1,0,3.07859898079187,36.1171523725608,9.75939421448857
"16",0,1,3.25253282370977,16.3254288491593,16.1245864583179
"17",1,1,5.48943486995995,26.7651001215672,16.9253728212789
"18",0,1,5.06927346414886,24.7783698855718,6.86392824165523
"19",1,1,3.6628427754622,27.5271180804871,1.82137400377542
"20",0,1,4.00459355791099,21.1154003193906,1.11108188983053
"21",0,0,3.9227212567348,20.5246483227675,9.69645459204912
"22",1,0,3.12938705063425,29.5924547267962,1.36811249423772
"23",1,1,5.39256949815899,26.7183035276426,5.74017276056111
"24",1,0,8.58432210353203,32.5376465470242,1.10831862781197
"25",1,1,4.03064030734822,26.8550478040942,9.66144948732108
"26",0,0,0.693849860457703,24.5126581698135,13.7248243996873
"27",1,1,5.41741751180962,25.1349972957,7.23950256593525
"28",1,1,1.61995388218202,27.7683071911813,4.41244390793145
"29",0,1,8.4592219912447,17.1329503116507,6.33850264362991
"30",1,1,0.700753112090752,28.2415094939645,8.87442369479686
"31",1,0,7.57296922104433,28.3391088926921,0.0613132631406188
"32",0,1,1.5406812177971,23.716736277711,9.44946012925357
"33",1,1,8.96671228785999,28.0205347411236,13.0300082825124
"34",1,0,2.27334254630841,32.6265150521315,7.55903478246182
"35",1,0,7.28165571321733,34.5777617400014,2.40512361750007
"36",1,1,6.18944932473823,26.4799306755038,11.4256652723998
"37",1,1,6.19938555336557,28.9516436995631,3.3894950710237
"38",1,0,7.19314113934524,30.3423650014318,18.8039857475087
"39",1,0,6.35674467310309,30.8181950792997,13.7623433768749
"40",0,1,0.598601093748584,17.3072497710429,8.73709870502353
"41",0,1,2.37031268770806,18.6433115368028,15.3950387332588
"42",0,1,6.11176293133758,21.2556093918099,16.017286782153
"43",0,1,1.78052304452285,21.6146545818448,15.0067149614915
"44",1,1,4.15727339009754,32.5944870852907,14.654550361447
"45",0,1,5.27945324219763,18.7136641699144,5.40309839881957
"46",0,1,4.90679905330762,17.5920255874269,6.06356670614332
"47",0,1,3.49782613129355,22.4127873701321,9.07837064005435
"48",1,0,1.43870663177222,30.565569531287,10.1186264539137
"49",0,1,2.56837479653768,16.8973249984643,13.0410527577624
"50",1,0,4.73355686408468,29.8112308445239,6.87679911032319
"51",0,0,8.5476146733854,21.4051173003244,15.2400508522987
"52",1,1,8.28795778029598,23.0422830049118,3.69416282046586
"53",1,1,4.71680654841475,23.240432585639,4.65233989059925
"54",0,0,2.60123255476356,26.5867769490875,8.96547216456383
"55",1,0,4.13531540636905,26.6851431773481,7.1165485912934
"56",1,1,2.20987966423854,24.9845437510066,18.6479849228635
"57",1,0,4.92125670053065,33.5440530296529,11.5700285322964
"58",0,1,2.38566904468462,27.8567110894115,6.24239617027342
"59",1,1,8.41124860849231,30.2250014829325,5.89178495109081
"60",1,0,1.41653447365388,37.5619451524834,9.00841968134046
"61",1,0,6.53882618062198,29.9106127316384,6.16965592838824
"62",1,1,6.45761651918292,31.207578464464,4.12543561775237
"63",0,1,2.25999054545537,21.7238302367772,15.7731857290491
"64",1,0,0.983367298264056,29.7758222359498,13.5410212958232
"65",0,1,6.68794008088298,15.6921382003731,14.8236157465726
"66",0,1,2.20245387637988,18.2550232690814,18.4693424263969
"67",1,1,6.60206063906662,25.9504180256875,5.76997328549623
"68",0,1,7.0403414668981,22.0095214895617,9.7027234127745
"69",1,1,8.26950864144601,21.5128367647868,4.32151226792485
"70",1,0,7.7059165108949,30.659075376802,9.05179511755705
"71",0,1,6.45839957124554,26.1045674887124,15.5746716726571
"72",0,0,5.81240672967397,22.6008333371236,10.9148212941363
"73",0,1,0.196843434590846,13.4931803224781,9.44722425658256
"74",1,0,6.42748443852179,27.1296197643314,19.1758931288496
"75",0,0,1.48896801215596,13.3584142089192,9.93310030084103
"76",0,1,8.93755521532148,20.7634153218872,13.78446015995
"77",0,0,0.00398109387606382,20.3981258964321,14.8783879168332
"78",0,1,4.95150044700131,23.4765940162738,12.719320403412
"79",1,0,6.31555643258616,27.5704941075091,8.5830601491034
"80",0,1,5.83233725256287,20.1061710514345,13.6004892690107
"81",0,0,2.79676744434983,26.265478869432,19.3427435820922
"82",1,0,1.61233688425273,30.843195282509,14.1151141235605
"83",1,0,7.52094706264324,25.2161042989866,4.16331563144922
"84",1,1,7.43665372626856,29.1343527462723,7.46718547772616
"85",0,1,5.09276508260518,17.9788996280687,4.45477127097547
"86",0,0,4.02154609328136,20.0539362259869,14.840389424935
"87",1,0,8.74769405275583,28.5379532966144,6.0555614810437
"88",0,1,1.06818509032018,15.4032100219348,18.5875742137432
"89",0,1,2.7318889698945,19.323662094824,15.8719210186973
"90",0,0,8.88952723913826,22.0765738743908,2.07386125810444
"91",0,0,1.46778023731895,23.7022643739275,1.4120218064636
"92",1,0,2.77131040999666,28.5379499274339,2.71218745037913
"93",0,1,3.20033494289964,24.1172304207889,2.54209122620523
"94",0,1,8.13520419155248,10.9502028151026,12.2035711584613
"95",1,0,7.40127721242607,26.8490123769303,1.00427252240479
"96",1,1,8.63259700639173,23.8822073019547,4.46900544222444
"97",1,0,3.31144337053411,27.5512164511107,7.00117345433682
"98",1,0,1.97285410459153,30.2760327907976,2.04402211122215
"99",1,0,3.13025560230017,29.7932600713654,7.37532588187605
"100",1,0,8.73207022505812,30.3991124713448,14.8362287459895
"101",1,1,8.89779849071056,25.3881181027571,4.42546215839684
"102",0,1,1.64715082780458,21.5557960774533,4.85748172737658
"103",0,0,4.52994496095926,24.2226013981017,11.8476644484326
"104",0,1,7.99078694195487,21.6992581682738,6.61104837898165
"105",0,1,5.61463455297053,18.5473408570683,15.2048533130437
"106",0,0,7.9492613277398,18.5354405719876,16.0137903410941
"107",1,0,4.75608201767318,30.7885191222188,16.2307310570031
"108",0,1,4.46649681008421,21.6860470771773,13.9983631996438
"109",0,1,1.56742727779783,27.0152804243584,18.4087761957198
"110",0,1,7.64440183248371,20.5882700467045,17.8866849793121
"111",1,1,5.1595620426815,27.089192025233,10.2701988443732
"112",1,0,6.32588263344951,27.7728598421725,14.4227328477427
"113",0,0,0.0886863609775901,24.2470146393867,18.0970276799053
"114",1,1,8.26335108373314,25.382635948964,4.20341946650296
"115",0,0,5.89951092470437,23.2195113316559,16.8200608016923
"116",0,1,8.37324325740337,17.3679789437949,16.7952834488824
"117",1,0,4.10464129946195,33.8957258921434,13.029414541088
"118",0,1,5.93654255429283,23.3977366187523,13.2118277158588
"119",0,1,2.48040377022699,17.6477871688534,7.32710261363536
"120",1,0,8.87888403469697,30.5317612437097,3.47274568863213
"121",1,1,3.22872772836126,27.6666709069675,16.5070149907842
"122",1,0,8.08756347815506,27.961239490054,1.86167366802692
"123",1,0,6.20022060465999,25.04066005153,3.35783703718334
"124",1,0,1.59270892082714,30.2409323559485,6.45707826130092
"125",1,1,8.89675507158972,33.0466792134331,8.70150149799883
"126",1,1,3.5056981947273,29.5041566993806,7.26718463469297
"127",1,0,4.9261901085265,30.9482377891015,18.8239934667945
"128",0,0,2.09607516182587,23.3721339546574,3.14150001388043
"129",0,0,4.4948416070547,21.2775438066254,8.25550480745733
"130",0,1,4.70441741659306,20.6279712969477,17.3856689501554
"131",0,1,0.645238116150722,19.5722290098383,1.62678029853851
"132",0,0,1.0019562849775,23.7783808825891,10.6545482808724
"133",0,0,1.03593715117313,20.0964243103105,4.32350576855242
"134",0,1,3.15466738399118,23.687891902574,17.8821462159976
"135",1,0,4.55294219800271,28.2239838232576,14.0279400581494
"136",1,0,8.97009248938411,26.2933276707334,5.98852722905576
"137",0,1,1.05226866505109,21.6304591532486,16.3229089090601
"138",1,1,3.71063453075476,27.921075900748,16.8542054668069
"139",0,1,2.05799446161836,21.4082387262247,3.01780228037387
"140",1,1,5.10791165940464,31.0085258833335,11.0600322904065
"141",0,0,4.80198867456056,25.9086732576601,16.3855114718899
"142",1,0,0.159782996401191,29.2915118250846,12.0929816551507
"143",1,0,0.742669549304992,29.0165503603003,8.22961711324751
"144",1,0,4.72769510792568,31.1130159949942,19.6595288394019
"145",1,0,5.12261820095591,28.1654008045402,3.53335185907781
"146",1,0,3.60926497145556,30.6974605422578,15.2748313546181
"147",0,0,4.72342268214561,27.3175934121457,16.4649643236771
"148",0,1,2.73764602979645,20.5183600902624,10.5424552597106
"149",1,0,7.15774150192738,27.8706936072606,15.4384498624131
"150",1,0,7.02927688951604,26.9937791544781,0.182432234287262
"151",1,1,8.81289022229612,27.7670281046232,18.0593154160306
"152",1,0,8.02081345254555,24.9133428452738,11.4974002167583
"153",0,1,6.20814279606566,24.0128471140866,2.12916869670153
"154",0,1,1.18757991562597,30.8497992939795,17.5162359885871
"155",0,1,2.24494493706152,21.552517260683,11.5056918561459
"156",1,1,1.87570427614264,34.7740425054723,15.4884515842423
"157",1,1,3.71751958946697,28.0015690484068,19.2916497448459
"158",0,1,6.70726192882285,18.5929185871369,0.593088674359024
"159",1,1,8.72422496904619,29.5154548272163,1.47673995234072
"160",1,1,3.29274522210471,28.8686199002156,8.75713817309588
"161",0,1,5.59747476037592,20.0947210439071,1.23061551712453
"162",1,0,5.73553960234858,30.8962822591237,17.3056438751519
"163",1,0,3.7013453557156,35.3772617287794,14.7435690369457
"164",1,1,2.33067967370152,29.9138867877547,14.5601148623973
"165",0,0,3.33972081472166,23.2050540157373,3.79002324771136
"166",0,1,5.03754911525175,23.6125822712934,7.86258012987673
"167",1,1,8.99854307225905,29.0025705893963,11.478948299773
"168",0,1,0.258461899822578,23.7747954902424,12.6092982525006
"169",0,1,6.72239580913447,20.2068265345342,0.718421554192901
"170",0,0,4.86555119440891,26.2047442932585,19.1301386058331
"171",0,1,1.64212934067473,21.2365836393901,8.93780309241265
"172",1,0,3.36772215273231,29.5862212320406,2.1822148328647
"173",1,0,6.56642850860953,28.7044608201784,2.28618604596704
"174",1,1,8.1755459185224,27.8143481691963,4.90320863202214
"175",0,0,4.57766030891798,26.1682421749731,17.3818795848638
"176",1,0,6.33034277614206,29.7623782556921,8.38190791662782
"177",0,1,8.34656177577563,19.0749473343373,9.56680092960596
"178",1,1,8.63154588011093,26.4129017911778,17.8631626814604
"179",1,0,8.93265575403348,25.3467703187616,11.6653409274295
"180",1,0,8.29875073162839,27.8755196276304,4.49696290306747
"181",1,0,5.85717347706668,32.5480669755901,0.0290271360427141
"182",1,0,8.88685366348363,33.7213583851226,9.42321592476219
"183",0,1,4.16948170750402,19.0028582348841,17.6353644765913
"184",1,0,0.776477159466594,31.3720315584276,13.9939220249653
"185",1,0,6.31425931840204,26.7448537424865,3.85196005459875
"186",1,1,7.28093702578917,29.6709598915264,11.5421030065045
"187",0,0,2.92631202097982,21.902434361535,10.7776355976239
"188",1,0,2.09522036276758,28.5540229045233,2.48885744716972
"189",0,1,2.31998582580127,21.0144436329393,3.57347737532109
"190",1,0,8.74818334006704,31.2582058608874,8.90188603661954
"191",1,0,0.942063156981021,27.1303454340168,17.9406753927469
"192",1,0,8.36621838435531,30.1064970168994,14.5745010953397
"193",1,0,3.10625705891289,30.3651831136643,11.5047605708241
"194",1,1,5.74005377897993,26.5780253551485,8.80012247245759
"195",1,0,8.54996931762435,35.086534815256,12.5597340427339
"196",1,1,4.91256891866215,29.1395339441536,18.7177529931068
"197",1,0,6.72976102307439,25.0125291528664,16.0699659399688
"198",0,1,2.35528750391677,20.3831400268283,13.947146544233
"199",1,1,3.47905913391151,30.648976429636,7.63064396101981
"200",1,1,8.46908591338433,27.1940712033904,5.59015355072916
"201",0,0,6.88073888677172,21.4147089122683,2.92464068625122
"202",0,1,5.09539423836395,22.9087729491603,0.117276855744421
"203",1,0,6.11247209901921,24.9617620137761,16.7842157837003
"204",0,1,6.55933164968155,16.4592919383346,15.3223976958543
"205",0,0,3.68386711156927,27.3675391420182,17.7875775517896
"206",0,1,4.93216459918767,24.576116903411,1.92632779944688
"207",0,1,3.16985936765559,22.2247195073722,18.6852885782719
"208",0,1,0.342127106850967,24.5662997725672,11.0374454408884
"209",1,1,6.25728331482969,26.2909592575727,1.7391631193459
"210",1,0,4.92025316460058,27.7966206191983,6.84151373337954
"211",1,1,3.28450170205906,34.3267479206061,19.4579463684931
"212",0,0,0.714429542887956,24.3476840108887,1.144611351192
"213",1,0,7.89805974927731,36.0136868738389,4.95484502986073
"214",1,0,7.67978388466872,22.7249558768293,19.6742422413081
"215",1,0,5.7877609776333,35.6288719305681,12.7484015794471
"216",0,1,0.383394363569096,21.9503639287835,14.695399645716
"217",0,1,4.14305238286033,22.107543199118,11.1326226405799
"218",1,0,3.18557286076248,29.6699556834657,7.99841724336147
"219",0,0,4.21201074658893,27.1466136496514,14.1263399226591
"220",1,0,3.89343884959817,34.2256615665434,3.09266786556691
"221",0,0,1.86233581951819,28.2720424184357,19.0024930424988
"222",1,0,2.48439852870069,32.4765564797317,4.56487524323165
"223",0,1,3.99036451242864,22.2002845436054,5.7468937523663
"224",0,1,2.62825150229037,23.3350511796938,2.52330490387976
"225",1,0,8.14248757087626,34.7831281638318,11.5452274726704
"226",0,1,4.21197204734199,13.9287134229654,10.4211599985138
"227",0,0,5.69883923185989,20.2537903995215,10.1596308499575
"228",1,0,4.91676136432216,26.3230930653289,4.201595406048
"229",1,1,8.69957777112722,27.677939435076,19.7820638865232
"230",0,1,1.85893625370227,24.3937454410609,4.92428821045905
"231",0,1,3.02524596895091,25.4916783699988,19.5554567826912
"232",0,1,3.48460904555395,19.4873489469213,9.86749656032771
"233",1,1,1.4113097274676,34.8301114975476,13.460556040518
"234",1,0,7.48425270826556,23.4413206021831,11.425316859968
"235",1,0,4.97672045789659,31.4924747068709,13.2682951819152
"236",1,1,2.37477010837756,27.6798368188813,12.1147263748571
"237",0,1,5.06360869319178,23.5689653658511,18.6529161548242
"238",1,0,3.3445291898679,35.3414070749517,17.591198659502
"239",1,0,5.12536880210973,32.6249951685555,9.88265459425747
"240",1,0,2.10194502957165,30.485859149588,3.3019713498652
"241",1,0,7.03851279336959,27.1331409240299,14.6623414522037
"242",0,1,1.20431526121683,23.5484404400531,12.0397453708574
"243",1,0,4.18900541891344,27.7369192871991,8.60371326096356
"244",0,1,5.1101040719077,18.5621136649748,14.0409403806552
"245",1,0,3.77671965351328,34.57472064553,6.06122016906738
"246",1,1,1.79845158127137,29.6538073511657,6.10412070062011
"247",1,1,4.92453699186444,27.8257360614551,3.17687108647078
"248",0,1,5.1468933429569,21.7407343036248,17.5205431366339
"249",1,1,5.37042375351302,25.0922408867975,6.70116108842194
"250",1,0,4.06566796638072,30.1367400976144,14.2673490662128
"251",1,0,8.81743247620761,31.6633548171652,3.71470944024622
"252",0,1,5.51351870968938,21.4928357188248,8.60171385575086
"253",0,1,0.704630301799625,24.9216781049729,13.5893125087023
"254",1,0,2.45245107030496,31.8333109881146,17.2504619415849
"255",1,0,8.23784853564575,26.8253985220178,17.2787049971521
"256",0,1,0.615199539810419,25.2528069029355,0.146954753436148
"257",0,1,4.88384320191108,19.8436413341415,17.2667758027092
"258",1,0,6.55011505354196,32.4077703068194,19.4461227487773
"259",0,1,0.662185861263424,21.8508422352618,8.55200447607785
"260",0,1,5.16330463369377,18.1916188107359,19.0762469498441
"261",1,1,8.00664601614699,27.0654254837606,16.8246584152803
"262",1,0,4.09217684157193,29.6620636411225,17.4416147451848
"263",1,0,7.78135003312491,26.9388194899154,13.812302951701
"264",0,1,0.81813059351407,21.0088833192001,2.86761725787073
"265",0,0,1.14615833759308,25.6451668524012,12.9663409944624
"266",1,0,5.28865845152177,27.1409826056021,12.1887076087296
"267",0,1,1.94816161505878,28.9630922813453,19.5498479576781
"268",0,1,0.962862198008224,17.6606701059679,19.571033376269
"269",0,1,2.3745026125107,25.5210025861476,11.3218435738236
"270",0,0,2.59003642969765,28.3690274425673,4.86460615880787
"271",1,0,4.78592521604151,29.3841110031232,3.42628886457533
"272",1,1,3.65139535046183,30.7665308353686,15.686440798454
"273",1,0,6.87761223991401,25.9386663319966,3.09583657421172
"274",0,1,2.3318838137202,26.7952371155477,11.8473739223555
"275",0,0,8.03531235549599,21.7958500704883,10.0075745303184
"276",1,1,5.23047655192204,28.1230467895979,17.8516153385863
"277",0,0,1.24719959660433,26.6900482800926,7.95353478286415
"278",0,1,0.135026175761595,13.5921337092303,15.1056536147371
"279",1,0,4.37723599956371,35.0599765921193,14.1807588981465
"280",0,1,3.3129056522157,24.016780154408,16.4386137388647
"281",1,1,8.84930147160776,24.9749458356951,6.95919699501246
"282",0,1,0.940034627448767,26.1873528589424,6.03739797603339
"283",1,0,2.5237636717502,29.752576197688,4.57236280664802
"284",1,1,3.79138503153808,29.3019823231409,6.39102743472904
"285",1,1,4.91369098727591,25.3053312913562,8.25667266733944
"286",1,1,8.2645294975955,25.2973121718534,4.89091065712273
"287",1,0,7.35273015964776,32.2336309811304,10.7263218704611
"288",1,0,5.56527994992211,27.9431534720833,12.9718656977639
"289",0,1,4.2311345867347,19.7992948132522,6.2104926398024
"290",0,1,6.54290912090801,13.3444219983223,5.54793552495539
"291",1,1,7.97051859484054,26.8672775369838,11.3594838883728
"292",0,1,4.15273377648555,20.69463916494,12.6284536765888
"293",1,1,4.01055289409123,26.0762978471238,0.977347544394433
"294",0,1,3.29157048789784,21.9858268618703,1.89466779585928
"295",0,1,1.0425598626025,18.7261018724748,16.8458620691672
"296",1,1,3.31011944473721,29.6503118631886,17.2695206943899
"297",0,1,4.23527375701815,26.1876543746746,15.8808818412945
"298",0,1,6.92625989438966,19.7781465184725,15.5959262233227
"299",1,0,6.59498861990869,28.2655165165933,9.5022602379322
"300",0,0,7.26478741387837,21.7274053858436,14.4094779156148
"301",0,0,5.83648429135792,20.8418477075985,4.79303898755461
"302",0,0,2.73033113032579,24.7664633028896,16.8946898821741
"303",0,1,3.14765567681752,19.9826631558482,7.06691656261683
"304",0,1,8.05792977917008,22.0795186283184,3.01012942101806
"305",1,0,8.05514501966536,26.1841228992607,11.0533308656886
"306",1,1,7.92324102111161,27.4447444608623,15.8826623484492
"307",1,0,0.204728536074981,28.1217248081536,1.43210479058325
"308",1,0,6.6789510010276,21.3622179545691,9.27359093911946
"309",0,0,6.12204335653223,25.4445829771029,1.68424401432276
"310",0,1,6.09668344538659,24.2787759781562,15.4060158878565
"311",1,1,8.04032495361753,24.5003826332221,2.47763567138463
"312",0,0,0.312635891837999,22.7159999701185,1.85219495091587
"313",1,0,3.57224683463573,31.4543795828656,13.5074034659192
"314",1,0,7.216843807837,22.7713838301213,14.7125116270036
"315",1,0,0.789016132475808,32.5045019558714,2.62113344855607
"316",0,1,4.77761277370155,19.1873603844701,1.12305693328381
"317",0,1,3.16011127084494,26.5086059080656,18.7879082513973
"318",1,0,6.87032933626324,26.0799288050453,7.20777632202953
"319",1,0,3.1568538537249,33.8186168069665,17.0310026966035
"320",0,1,6.45075643225573,20.7238366808467,8.382388507016
"321",0,1,1.35947867645882,13.0744959768803,13.285700394772
"322",1,0,4.30851961090229,27.1150874764443,12.9538891278207
"323",0,1,4.63213710556738,19.295106500516,13.8723415136337
"324",0,1,4.69040891784243,18.4799159449373,7.75096260476857
"325",0,1,2.68993027531542,21.8272788900883,17.6051252195612
"326",0,1,5.10643751104362,19.4439795483213,8.92189049161971
"327",0,1,1.15952790062875,22.4973804347128,0.388607778586447
"328",1,0,0.610344355925918,28.1922941676692,12.581786159426
"329",0,1,5.82286085095257,22.8469244736411,0.679500140249729
"330",0,1,0.810363924130797,29.6677528212635,6.35100982617587
"331",1,1,5.52558958274312,32.6803915298213,6.1584768909961
"332",0,0,8.61022469052114,21.937886690932,0.714710815809667
"333",1,1,8.15097177308053,28.909302277987,8.13530172687024
"334",0,1,0.011008657515049,23.5052750231098,17.169637796469
"335",0,1,5.49414969468489,16.1984891692666,19.2784732952714
"336",0,1,3.27811884926632,20.4446245276413,3.13481895718724
"337",0,1,6.83255536970682,21.9000830471452,7.31627296190709
"338",0,0,4.30926336441189,25.0401842960516,3.11941092833877
"339",1,0,8.38951133494265,25.8719288557675,16.4990129973739
"340",1,0,6.50627536559477,33.1894120983069,9.03566037304699
"341",0,1,5.44077727454714,18.5086313092223,1.07160350307822
"342",0,0,3.91297473781742,27.1944708647845,12.4012096971273
"343",0,1,3.44511846732348,27.6277882109701,10.4884713469073
"344",0,1,1.50242113438435,15.5034753196704,2.28914388921112
"345",1,1,2.95398169546388,27.4057556052558,19.1906177438796
"346",0,0,0.610873870085925,26.2408111354015,2.06263600848615
"347",0,1,0.347374834120274,11.8990167430942,0.920553994365036
"348",0,1,6.41818247269839,26.3482565829858,19.4831102853641
"349",1,0,6.07797713088803,31.5942414450749,9.99575611203909
"350",1,0,8.66532180458307,31.347650172522,19.4938659202307
"351",0,1,1.14696870418265,18.2205426648483,8.10239860322326
"352",1,1,5.63575036288239,28.6103928892374,15.2241553366184
"353",1,1,2.09552603191696,29.499095561465,14.5002556825057
"354",0,0,5.34217068599537,23.6466236119105,14.5042957365513
"355",0,1,5.59784967661835,22.8180513575865,8.52396207861602
"356",1,0,2.78321099211462,32.1323705610672,1.07784671708941
"357",1,0,4.70476813637652,26.5595801652801,9.05364048667252
"358",1,0,5.86579359392636,31.7636112984759,17.0574128208682
"359",1,0,6.38690237724222,27.6109596274383,16.4147060830146
"360",0,0,6.55901229917072,18.9433902827318,3.79311100114137
"361",1,0,4.15432610339485,29.1015424816614,14.7727578086779
"362",0,1,4.18371836165898,20.1770865819414,8.64502684678882
"363",1,0,0.984807734610513,27.3393156077632,5.83414607215673
"364",1,1,4.01793507300317,27.1376002703009,6.20522714219987
"365",1,0,7.85875503555872,23.7641417740067,9.66790931299329
"366",1,0,6.32620107452385,29.16106285659,2.7973239030689
"367",0,0,4.93885038653389,23.9918884864949,18.6842792248353
"368",1,1,5.46125544793904,28.9890609806803,1.12272401340306
"369",0,1,7.86091631557792,22.9244310590986,16.8591808807105
"370",0,1,0.612785275094211,19.6244844261383,4.89330955315381
"371",0,1,7.39953391696326,22.6134989171755,17.3662509629503
"372",0,1,6.37102559837513,15.7132586197724,11.164208939299
"373",0,0,0.147090091835707,22.9942612634934,17.4985912302509
"374",1,0,4.76881934003904,25.0189700460945,2.14086716994643
"375",0,1,4.16846899338998,18.1470969494613,6.50328972842544
"376",0,1,3.15983978309669,22.9687013680936,8.00798630807549
"377",0,0,2.74902597628534,22.9570459493686,18.0371683882549
"378",0,1,0.974147508619353,24.6267219783119,10.62899177894
"379",1,0,7.58565004938282,23.688146726322,9.38198199495673
"380",1,1,5.4384898301214,26.2149765607223,4.97301143128425
"381",0,1,1.13062013313174,21.4984357103997,10.0785979581997
"382",0,0,4.64662961731665,26.010587800642,8.55056571308523
"383",0,0,2.9388211586047,25.5676634495237,10.0767639093101
"384",1,1,6.44348889472894,26.5187453981479,7.84186515491456
"385",0,1,4.27106592105702,26.8062472399337,5.2862170804292
"386",0,0,3.4756123716943,25.185075604672,14.7116249473765
"387",1,0,5.4066691249609,28.1829852142568,17.3590745637193
"388",1,1,4.90451478562318,29.2763843128556,0.230114860460162
"389",0,1,4.58422059612349,20.9736735269196,0.0994359981268644
"390",0,1,3.59705308335833,21.8909442642915,4.88492379430681
"391",0,1,5.6544878538698,8.98608798428783,17.7397900447249
"392",0,1,2.41864085337147,27.3404804092898,16.0211660666391
"393",0,1,3.68572281673551,24.9162928995733,12.842597970739
"394",1,1,4.50479370262474,28.7316497484981,4.50224697124213
"395",0,1,6.33888753759675,18.8749890367613,12.6617468846962
"396",0,1,0.979033380746841,22.1275440851542,11.3256029598415
"397",0,1,1.20322888274677,21.6805163300086,14.0828849095851
"398",0,1,1.73151573934592,23.3309085168257,6.21816580183804
"399",0,1,6.85704314382747,17.1472514503045,16.9262082502246
"400",0,0,8.38542107725516,20.6641515194703,17.4496538098902
"401",0,1,1.17544487281702,24.0409779872719,7.51220007427037
"402",0,1,6.08928573061712,19.0859707057629,1.06243468821049
"403",1,1,7.50853922241367,23.3871740386092,11.4186465600505
"404",1,0,5.9303347596433,28.8604157069851,18.7182554183528
"405",1,1,4.93640905665234,30.137378137387,2.58320620749146
"406",1,1,4.04086644086055,27.4741190593056,4.75478309206665
"407",0,1,7.27000946947373,22.9087305490807,3.87743309605867
"408",0,0,2.33673287881538,25.7588643081697,6.97098704986274
"409",1,0,2.79147970397025,27.2859135468492,5.12106308247894
"410",1,1,7.45885945810005,26.1561849270384,1.18318049237132
"411",0,1,1.35906409076415,22.9779344728505,6.55466126278043
"412",0,1,1.78809045930393,20.4556078186426,9.22746608499438
"413",1,1,1.38776966370642,25.4399726808951,12.6278663985431
"414",0,1,2.21156593761407,23.3382582743571,13.1596649298444
"415",1,0,6.30730695300736,27.0921695760134,5.41019206400961
"416",0,1,7.43212105706334,20.3765745878657,16.3943289918825
"417",0,1,8.77268726192415,23.2888797763293,3.75431253109127
"418",1,1,7.05893258471042,32.4337269752462,19.2182970745489
"419",1,0,4.25684761069715,35.4293017220333,9.70554641913623
"420",1,1,4.02170470403507,29.3525813952308,14.0148857189342
"421",0,0,7.05964652588591,21.4047084977089,6.97610704693943
"422",0,1,5.97227680985816,24.1918479998101,2.8926882520318
"423",1,1,4.09458567062393,25.4261319128986,15.9096891293302
"424",1,1,7.14421732630581,28.3105946138354,16.16552896332
"425",1,1,7.09970554383472,22.9744330040646,4.10965962801129
"426",0,1,2.40144717274234,17.6198419452314,6.88802376855165
"427",1,0,0.0971746284049004,25.9588847378019,2.54149279091507
"428",1,0,7.6475505803246,30.9589655913665,15.0419665779918
"429",0,1,2.27298558829352,24.7197783587332,9.46720095351338
"430",0,0,0.564590953756124,23.5001842580614,7.24840661045164
"431",1,0,0.0281442683190107,32.6052092057387,1.34560679085553
"432",0,1,8.24292262550443,22.2790260133196,10.5525819119066
"433",0,1,5.76764777535573,20.3541121579671,10.7920231577009
"434",0,1,7.55980923492461,21.8338506797225,7.54880542401224
"435",1,0,3.19232298759744,24.598486652615,8.04377622436732
"436",0,1,1.03150389762595,23.2526464726815,11.4857009146363
"437",1,1,7.02108583808877,29.6184814342981,17.5849637528881
"438",1,0,3.26533428858966,30.0550666627705,1.2835208652541
"439",0,0,8.06562210107222,20.3195562012922,3.62451123539358
"440",1,0,8.94832395133562,23.9280259907242,12.2774103004485
"441",1,0,7.05076789436862,30.8553655241513,19.6598258428276
"442",0,1,4.78424659115262,18.8835599501233,12.7799403714016
"443",0,1,4.5420890415553,24.5437191567673,2.47987994458526
"444",0,1,2.39732277556323,21.6634715157254,3.15492453984916
"445",0,1,4.71584133035503,24.1238927891786,2.51707711722702
"446",1,0,0.942571735242382,30.3513521366474,11.6672605136409
"447",1,0,2.47855492774397,30.132457260177,13.2813747506589
"448",1,1,3.73952204966918,34.0390073612324,6.91495058592409
"449",0,0,2.23049238394015,22.3177286996167,0.0382717465981841
"450",0,1,3.41241223295219,25.0548672639418,13.4263394260779
"451",0,1,5.68454374093562,17.9637415185128,16.7360307928175
"452",0,1,5.8346572460141,14.4910199815646,9.82742498163134
"453",0,1,2.00842350069433,20.0822512675456,9.84248356427997
"454",1,1,4.61958161392249,25.9991629236537,2.0216595986858
"455",1,0,4.79830789170228,32.0587643014466,9.01290569454432
"456",0,1,4.79170072660781,25.5315113251233,17.1513489773497
"457",1,0,5.08597052539699,27.0526316178108,17.3277381667867
"458",0,1,5.72826098604128,18.8043633680237,13.4648279612884
"459",0,1,7.3148282978218,20.4218212113522,9.64919944759458
"460",1,1,7.46873582107946,26.2342278630335,7.4710677517578
"461",0,1,0.576692571630701,20.2866314921876,10.0206604925916
"462",0,1,8.77955697127618,22.3016247968359,14.5031240396202
"463",1,0,5.47752354643308,39.2598510372356,0.4788420163095
"464",0,1,4.96855251747184,16.1054053990305,0.240670903585851
"465",0,0,8.29109732271172,22.484966775907,11.7274096934125
"466",1,0,8.71348223160021,35.3319958578641,17.2039468120784
"467",1,0,0.805394268594682,28.414909406759,0.432930584065616
"468",0,0,8.79272604128346,22.8029400761596,11.0143042774871
"469",0,1,6.69527437607758,20.7662834904371,3.21044085547328
"470",0,1,5.19889524020255,21.0747133127503,3.30289786681533
"471",0,1,5.36256556212902,16.3980099378034,11.0725143738091
"472",0,1,1.09623913373798,18.6041774883972,0.963693549856544
"473",0,1,3.78042377368547,20.4630969745681,4.53831083606929
"474",1,0,4.09351036464795,29.8975392286438,4.85946466680616
"475",0,1,7.33915194799192,18.7659255434218,5.9867423819378
"476",1,1,7.0731594634708,24.0260768203105,13.3426392870024
"477",0,1,7.06203660042956,23.4698809232586,8.85144148487598
"478",0,1,2.9310983538162,24.0215023266732,6.88423149287701
"479",0,0,0.317654604557902,21.2569598747801,2.85510502755642
"480",1,0,6.54760071518831,36.0577830977616,14.3784136651084
"481",0,1,0.790540010668337,17.2832497995583,6.10587883275002
"482",1,0,8.16640343726613,31.2708921320662,14.9492306541651
"483",1,0,5.96507220994681,25.9035729202525,9.46968907024711
"484",0,1,3.13276183744892,18.8287538940025,10.1056766090915
"485",1,0,4.60908614681102,33.3712351726866,3.29591451212764
"486",0,0,2.19815910444595,26.3297132399618,18.4002312086523
"487",0,1,3.01584160979837,17.0515055759922,18.8877257006243
"488",1,0,6.58751269988716,26.220532097441,10.6118476949632
"489",0,1,8.80476142116822,19.9645417385725,5.46306252013892
"490",0,1,3.88597092800774,23.4591188635998,4.2835559649393
"491",1,0,7.66622744710185,23.6068956794719,0.737976371310651
"492",0,1,0.265487661352381,20.2131460568811,4.35858732555062
"493",0,1,7.76931854244322,19.0764995256102,17.4004159495234
"494",0,0,2.20656549953856,25.9406218895123,10.6632673507556
"495",0,1,8.30924698454328,17.7424164991405,18.7990405689925
"496",1,0,1.59014679305255,34.685532064168,11.0798546113074
"497",0,1,6.30258530750871,15.667845485776,19.1229859180748
"498",0,1,3.98086000001058,18.0946497860487,3.67751603480428
"499",0,1,7.44608742627315,19.1293582228999,10.0789841869846
"500",1,1,3.9188200654462,27.755100229516,1.26247252803296
"501",0,1,2.59857581206597,15.9929171968772,17.6025342242792
"502",1,1,0.210347244283184,28.4897206160862,1.14940858446062
"503",0,0,4.24421673221514,22.7467899579958,11.0337657155469
"504",0,1,4.67674438725226,20.136216397995,19.8626858508214
"505",1,1,8.24027375550941,22.397197519746,8.04431858938187
"506",0,0,0.0503617892973125,28.1513015170688,10.9705176763237
"507",0,1,3.38963462691754,17.3944040160121,11.2487808195874
"508",1,0,7.92810662998818,23.4536478714244,10.3281284403056
"509",0,1,4.28412724169903,24.635402165841,4.13279631175101
"510",1,0,0.694598525762558,29.7637563651774,0.228132558986545
"511",0,1,0.789800867205486,26.085343529132,6.6625429270789
"512",0,1,5.78246011119336,20.0756546840814,3.9700875012204
"513",0,1,6.45717322127894,23.2669131132602,8.57237220276147
"514",0,1,1.22722195275128,22.7940899289418,7.64018221292645
"515",0,1,0.0615861215628684,16.4928832121959,8.90098628588021
"516",1,0,8.51143356808461,25.8084505907879,13.8199120108038
"517",1,0,5.66575250937603,26.2685285321653,0.445756646804512
"518",1,0,6.36093312269077,33.2146277569926,6.94798571523279
"519",0,0,7.1255137778353,23.0112237648505,16.3510983623564
"520",0,1,6.79589732782915,20.267409173947,9.649579343386
"521",0,1,8.78693981445394,12.2861450891878,10.684934547171
"522",0,0,6.87809543777257,19.9817638012353,15.5385610088706
"523",0,1,7.76057969802059,13.2041447599109,12.5977914454415
"524",1,1,3.52983767143451,29.1820037013657,3.73168146703392
"525",0,1,4.52129255281761,20.0172740009061,13.502831091173
"526",1,0,6.74495920934714,30.9406821160044,15.83521746099
"527",1,1,2.1319117101375,28.1061790714093,8.64105935674161
"528",0,1,3.33049330324866,21.0456586032334,11.7058745585382
"529",1,0,3.08727797423489,36.1461438300685,1.62639320362359
"530",0,1,5.0261364961043,28.2705662771827,14.9859248194844
"531",1,0,2.12956916517578,28.6817321061223,3.64081467501819
"532",1,0,6.95794037240557,34.5909597003566,1.11512524075806
"533",0,1,0.102795186918229,20.1155415897438,3.57292282395065
"534",0,1,3.96880700346082,21.0667588529028,7.86472836509347
"535",1,0,3.98173658782616,27.1106673660907,13.7458975659683
"536",0,1,3.95847410336137,23.4090162151581,5.5337868258357
"537",1,0,7.98682789038867,26.0537939717653,9.87675583921373
"538",1,1,8.42721076123416,25.0764082080919,1.35490154381841
"539",0,1,0.764477553544566,25.0815071647724,17.9311805171892
"540",1,0,5.15750452852808,34.6368165337663,11.6031287517399
"541",0,1,2.86232050065883,17.3881096845918,5.33881913870573
"542",0,1,1.80281570926309,22.8500521945639,6.40564479865134
"543",1,1,8.7545393561013,27.7269775198659,9.00717798154801
"544",1,1,3.73817828390747,27.8691888013053,10.0751049444079
"545",0,0,0.358723514014855,25.8242476543877,5.31645355280489
"546",0,0,5.00917009287514,19.6580478038432,1.94571429863572
"547",1,0,2.50614544562995,26.0681011813075,14.2146258149296
"548",1,1,1.94252098188736,24.7710403505489,10.3651615139097
"549",0,1,4.40235353540629,19.2531948330869,18.6094771372154
"550",0,1,2.75542722106911,22.7264539814015,4.12736360449344
"551",0,1,3.5951648731716,18.0439993212027,4.15599306114018
"552",0,1,5.92550537525676,23.2846873549572,11.2077222717926
"553",1,1,6.98135999660008,26.2187614416934,12.2073261067271
"554",1,0,6.78173175430857,31.9690618748458,7.03021458350122
"555",0,1,5.10210721660405,20.904901602098,13.5326937539503
"556",0,1,3.02734238980338,18.6952036649393,10.1203712169081
"557",1,0,2.12529350188561,28.5955274384089,7.27637817151845
"558",0,1,2.18884954880923,24.2604932964663,2.25934092421085
"559",1,0,7.58383703744039,23.2725865265103,13.3664244785905
"560",0,1,4.71874135569669,20.7276678553779,19.8528712056577
"561",1,0,2.92256151326001,33.9610012087124,13.4208097169176
"562",0,1,6.31925548170693,18.9149834053051,7.53024941775948
"563",0,1,0.477295328630134,25.9277334460747,19.8965367209166
"564",1,0,7.4157966573257,27.2826284952107,13.3245187345892
"565",0,0,0.464601137442514,30.588668092189,18.0365203507245
"566",1,1,7.662602590397,27.5961006336455,3.41091160662472
"567",0,1,6.10592565243132,23.5258696718538,7.48099722899497
"568",1,0,6.76897412259132,26.5669418228844,3.39886814821512
"569",0,1,8.23248396674171,20.1990699401963,13.2208810653538
"570",1,0,0.596633161185309,25.4483143468827,0.516528626903892
"571",1,0,6.75938433059491,30.9291959405019,7.07877510692924
"572",0,1,5.14830745593645,23.158210078571,8.63777631428093
"573",0,1,4.02748001972213,27.3322559910282,12.6957987202331
"574",0,0,0.340718366671354,27.1221069132727,4.41115297842771
"575",1,1,8.13248105579987,25.9292077702462,12.5072541553527
"576",0,1,2.49682434601709,19.8266514525058,12.6939680846408
"577",1,1,8.22618893743493,26.4935257508145,2.96340067405254
"578",1,0,4.28322936804034,23.91865171543,13.1290493207052
"579",0,1,7.31719316379167,18.4504925285587,1.83798627927899
"580",0,0,6.60428486927412,23.1636973008454,14.1469211364165
"581",0,1,7.68694883817807,18.4361833035689,12.1034120442346
"582",1,1,5.86617792095058,28.6027849449293,10.4885233007371
"583",0,1,5.30858380068094,13.0874765400857,15.390247348696
"584",1,0,3.63235937990248,35.7852416361004,16.3286036485806
"585",0,1,0.212025598855689,23.2409197480902,2.3603320447728
"586",0,1,2.76520117814653,23.8416454949235,15.3251690603793
"587",0,1,3.95477442350239,24.0156350482008,19.3042166903615
"588",1,1,4.90788326924667,25.7501772380336,6.00595387164503
"589",1,1,8.44407945452258,27.4376728963166,17.9198264749721
"590",0,1,0.535447160247713,32.5592028319405,17.4761478882283
"591",0,0,2.2612675849814,20.8577069530001,0.529863620176911
"592",1,1,8.23705208301544,27.671829385584,11.1341175902635
"593",0,1,1.9139451419469,27.1304825977079,11.6637265915051
"594",1,0,7.21951083722524,29.9960284986553,16.0459742415696
"595",1,0,6.0193323532585,29.6799399197201,4.97016834560782
"596",0,1,7.69715190888382,19.6235407422948,4.25278534647077
"597",0,0,3.43117530131713,20.1594389633826,18.6925729643553
"598",1,1,5.18592622946016,22.6274788480426,2.61954694055021
"599",0,0,3.70090480078943,21.4562739028359,10.1238906616345
"600",0,0,1.08578517800197,23.3703016101396,9.79391538072377
"601",1,0,7.9101346351672,24.9334859678985,6.11931233666837
"602",1,0,7.30986758996733,33.0773596535188,13.535840488039
"603",1,0,1.42495845188387,28.4845415319443,4.86565255559981
"604",0,1,1.39820613898337,16.9421428776073,6.20705497916788
"605",1,0,8.17183643393219,25.6234958213742,17.3373619932681
"606",0,0,7.29804293531924,22.7538804235986,13.5494895745069
"607",0,0,4.92237607436255,18.7507869948929,17.5887526106089
"608",0,1,7.54349907604046,21.48821851046,15.9258464537561
"609",1,1,4.93728350917809,28.5696741590838,3.19061077665538
"610",0,1,1.05541485641152,22.3139472366648,16.7452641762793
"611",1,0,7.98993022344075,29.8948248985285,15.6429453007877
"612",0,1,6.36672404129058,26.7810996115987,13.6505599692464
"613",0,1,1.64764314307831,16.5333978391546,15.0318806851283
"614",1,0,5.12983691808768,34.5808579006218,9.53279234934598
"615",0,1,7.1395636391826,11.2995128249149,8.18832284770906
"616",0,1,5.1335104170721,25.5015776821688,5.49464276526123
"617",1,0,8.63438381440938,27.2167734170143,6.7411769554019
"618",0,1,8.41024593589827,23.7335837228628,10.9398862486705
"619",1,1,6.19537107856013,29.8275072098428,10.244628037326
"620",0,1,1.40180651634,24.8795009613734,19.1342686815187
"621",1,1,6.40216362057254,32.8929480259269,4.62294807191938
"622",0,1,1.21928028808907,28.6173082701528,6.30244323518127
"623",0,1,7.481403357815,25.4936545637055,13.1421197811142
"624",1,0,8.43783923238516,27.7277212517608,10.8834204915911
"625",0,1,6.45364792481996,15.1742905039482,16.5928075509146
"626",0,0,2.27914689481258,17.4216698253672,1.36638544034213
"627",1,0,4.07208115537651,29.8416749619559,16.5332339704037
"628",0,1,1.40255550434813,14.5173927260146,0.908583272248507
"629",1,0,8.93291500210762,38.8354725185,4.52132503502071
"630",1,0,5.39701905031689,27.3938404662669,1.644312213175
"631",0,0,2.13237373740412,25.3910027292131,0.222656913101673
"632",0,1,4.26296193874441,22.6341738958507,5.91042160056531
"633",0,1,1.04234101739712,21.1672351243328,18.5276572639123
"634",1,0,1.52257224591449,31.2833296198197,5.97801562398672
"635",1,0,1.59796753828414,29.3754236918658,18.9797746855766
"636",0,1,4.80152460630052,26.2733704519275,18.6357825016603
"637",1,0,4.60908728674985,26.6013778877496,14.3078603269532
"638",0,1,8.59555475274101,23.853077227467,10.3904201462865
"639",0,0,5.65743218176067,21.8743639710501,18.733779611066
"640",0,1,7.8499201470986,17.6104550315497,14.82486480847
"641",0,1,8.98250903002918,16.4099110532248,11.6094823833555
"642",1,1,4.69458274520002,27.414637308889,17.6790696848184
"643",1,0,3.33682623971254,30.7839569661071,8.37904096581042
"644",1,0,1.31515447888523,29.3996999430838,8.90023378189653
"645",1,0,5.3501699490007,24.9115742905609,1.21932878158987
"646",0,1,4.331339845201,25.4896020719965,2.86464997101575
"647",0,1,5.1552006660495,22.6490719976249,18.490928481333
"648",0,1,6.06235953094438,19.1500064514049,13.5591667098925
"649",0,1,7.74092284217477,21.1278598314104,2.5424662604928
"650",0,0,4.44243723386899,21.3833607928812,19.6723356749862
"651",1,1,4.69776357477531,27.3632066737285,0.738928886130452
"652",0,1,8.12335797864944,15.4974771413866,14.8251069895923
"653",1,0,4.34899379708804,23.1995692836294,12.4894877662882
"654",0,1,8.90742798149586,17.8685392882687,14.7125389287248
"655",0,1,3.44048565323465,21.9038173256964,19.7424069792032
"656",0,1,0.664028109284118,21.2042191012229,3.21270826738328
"657",1,0,5.68191700754687,26.8348388370774,17.0179179869592
"658",1,0,4.15625138883479,28.4795799843121,15.320708961226
"659",1,1,6.23319484409876,26.1533209080837,15.2891006786376
"660",1,0,5.2501124991104,29.0266927952769,0.797467236407101
"661",0,1,6.11886278470047,20.5053575033056,17.9719514213502
"662",1,0,0.108952671289444,23.5894225654268,2.35477957408875
"663",0,1,3.73974926001392,22.9395026011658,9.28666144609451
"664",0,1,7.21411114186049,15.7896359213742,13.4500219486654
"665",0,1,1.25389664503746,21.2017987200633,5.93481190968305
"666",1,0,4.03859227127396,30.9523263257221,12.812836477533
"667",0,1,1.11864699725993,21.7963810185413,11.7373867891729
"668",1,0,8.23885887349024,32.3219570297474,13.8723729737103
"669",1,0,5.56113888742402,27.4229351947753,11.9382668659091
"670",0,1,6.44600358512253,24.9772512198278,3.35910873487592
"671",1,1,1.27245636004955,31.7001058582915,5.277408096008
"672",0,1,1.74285553442314,28.4205067953279,5.61715220101178
"673",0,1,7.61859509465285,25.9262462239325,14.7580105159432
"674",0,1,6.08900062646717,15.0263848309173,9.22681138850749
"675",1,1,8.34831757913344,25.2118958333185,6.55210791155696
"676",0,1,5.37272221385501,12.718556902402,11.8946892954409
"677",1,1,4.73477274295874,30.3447650245313,15.683875461109
"678",1,0,2.31222639000043,28.782485865981,6.4145119022578
"679",1,1,0.0734809578862041,27.6940886451197,1.06459125410765
"680",1,0,6.38605744368397,28.3316411934561,0.31320231501013
"681",1,1,3.60608233348466,25.0354889345926,0.0307492166757584
"682",0,1,4.21538481465541,22.995931524316,9.61426622234285
"683",0,1,0.895652519306168,21.7855283025842,0.11112105101347
"684",0,1,3.09503429406323,26.8593328958766,15.0441247457638
"685",1,0,3.20846466184594,30.4729730299923,4.09458649810404
"686",1,1,7.97072828281671,25.0836428735627,16.681825844571
"687",0,1,1.67467308137566,23.7471776493471,5.67465073894709
"688",0,1,1.95618483773433,21.4278143022617,14.6898957528174
"689",1,1,4.02733173337765,29.5872476350299,8.9292030595243
"690",0,1,0.604382016928867,23.9994696414566,19.0636155521497
"691",0,1,8.44703131983988,17.1321085712512,0.735827176831663
"692",1,0,8.22778439079411,24.56905357561,9.23211838584393
"693",1,0,8.17280426085927,23.193080066912,1.02215304970741
"694",1,0,0.997674387646839,27.7718979655831,11.0320475278422
"695",1,1,4.31910483143292,34.889780402496,17.0001216325909
"696",1,0,5.61048529297113,29.0926589171289,9.11084207706153
"697",0,1,7.25316037517041,21.4143253751922,14.8312345566228
"698",1,0,5.27311112754978,30.3777650204359,18.6677950620651
"699",1,0,6.56675769318826,30.4906667111072,19.6099829953164
"700",0,1,7.6964842651505,23.3564151023091,14.6626255847514
"701",0,0,6.70961638656445,25.3080708064815,14.9437222024426
"702",0,1,2.54513443610631,25.5211773944322,19.0260316571221
"703",0,0,1.46098511642776,26.8460876060874,3.29594467766583
"704",0,1,4.65378139866516,24.508176305928,9.91871379781514
"705",1,0,1.877842430491,30.1724108535204,15.9481979720294
"706",1,0,8.2096510254778,26.9539910599018,12.7676392206922
"707",1,0,1.50464282906614,32.1920040789635,16.4560542628169
"708",1,0,7.64136533718556,29.4456129586433,7.60188152547926
"709",1,1,4.36219955259003,29.4420814836974,18.5465363739058
"710",0,1,5.16324206697755,19.254359913376,4.42015342414379
"711",0,1,0.513911549001932,14.2008474715419,9.79049738496542
"712",0,1,4.11537979356945,24.9422827554035,3.46322435420007
"713",1,0,6.5288597184699,29.6995014494702,7.92236351873726
"714",1,0,6.20758977276273,25.0712583668914,19.5811858633533
"715",0,1,1.22829832741991,21.1793232991829,7.15721204411238
"716",0,1,3.04808667814359,11.7331983469149,12.8318435139954
"717",0,1,8.47395363030955,16.190656081501,5.87884262669832
"718",0,1,3.21119350986555,14.7252114794713,5.70431806147099
"719",0,1,6.34466042462736,21.5911772593723,6.10028312075883
"720",1,0,7.1416653636843,38.1702241043039,12.9530936665833
"721",0,0,1.68014388461597,16.7284593838041,0.108196707442403
"722",0,1,1.85209489823319,23.4783052780571,18.0913634458557
"723",0,1,8.88636974687688,15.9004112023627,2.63934115413576
"724",0,1,5.91856616525911,16.3018144753752,8.27170671895146
"725",0,1,4.37908831425011,21.7339320760318,19.6936616953462
"726",1,1,7.88976920465939,24.942740998519,1.03118705563247
"727",0,0,8.98622554703616,21.9303485459892,19.1905157826841
"728",0,1,0.955950484843925,23.2140584805277,2.86655683070421
"729",1,0,3.39042113441974,29.586316805688,18.2294030347839
"730",1,0,6.64879117417149,33.871178132334,7.81573050189763
"731",0,1,4.06056667305529,20.2231760732481,17.5499908346683
"732",0,1,3.02404486318119,25.4531144572318,3.81306518334895
"733",0,1,3.01887010456994,20.174051585224,17.0312254549935
"734",1,0,3.040193175897,33.6094535562051,0.930192139931023
"735",1,0,4.18465968500823,29.0095512904138,8.54535554535687
"736",0,1,8.40541234379634,22.4450947679534,9.8329799529165
"737",1,1,2.78184899361804,28.865911542,4.28241357207298
"738",1,1,6.07746500498615,27.8446767091892,0.828793440014124
"739",1,0,7.29975854745135,28.201230880528,15.0673823338002
"740",0,0,2.41371033922769,25.2758640278106,2.82065598294139
"741",0,1,8.97014130558819,14.6174935544217,19.4101101113483
"742",1,1,1.22011084458791,28.22008002237,17.05518304836
"743",1,1,6.19940880476497,27.1815536175204,13.7970545468852
"744",1,1,3.97008733288385,26.3298495701892,2.52474274486303
"745",1,0,6.3246602753643,30.6608307583137,19.1149612562731
"746",0,1,5.8812371394597,20.0937099764272,12.2886732779443
"747",0,1,5.28942062216811,15.9192821319849,19.7777331573889
"748",1,0,1.15308280172758,35.1259581144589,15.0960229896009
"749",1,0,4.37471466441639,37.7881351485137,4.13815735373646
"750",0,1,1.63826852920465,23.8745793415946,17.2370267799124
"751",0,1,8.9512917296961,22.3926380733861,7.69820963498205
"752",0,1,2.59391812467948,16.3601615146416,0.877531287260354
"753",0,1,4.67150172474794,11.2880440383179,0.924743027426302
"754",0,1,4.99978154827841,25.5241441928196,12.2885272139683
"755",0,1,1.91122121619992,24.5014505967739,14.7190729854628
"756",0,1,1.25712536252104,18.596435763265,14.9323092354462
"757",0,1,3.89449513913132,24.563549636127,6.39947509858757
"758",1,0,8.43590191262774,22.3081950232795,1.53021874837577
"759",0,0,7.2362010567449,19.3686353937419,16.5603396203369
"760",1,0,8.6730058954563,32.9909023569808,10.875114123337
"761",1,0,8.71725563867949,26.1571281285495,17.714110026136
"762",0,1,7.71619363571517,21.7007602916793,15.3620992833748
"763",0,1,7.06085761031136,20.318222615749,11.8032474722713
"764",1,0,1.34573914040811,34.4682546246662,10.5610975669697
"765",1,0,1.47943705064245,28.4427510238367,19.1633170749992
"766",1,1,5.55683703068644,22.1004267618444,9.43567311391234
"767",1,1,6.33577147498727,24.3650870719432,11.8475277721882
"768",0,1,4.63362605008297,13.7689599185071,11.2385788280517
"769",1,0,1.49931431072764,35.8036642630324,16.1878149956465
"770",0,1,2.60081794811413,26.0268021058504,11.6040726937354
"771",1,1,5.22159222909249,28.0879639198601,17.7022181637585
"772",0,0,1.44552761712112,25.1222808787815,15.1497918460518
"773",1,1,6.67890049377456,24.8006389191415,2.80091412831098
"774",0,1,7.62095057289116,21.2897460359605,17.0523783983663
"775",0,0,2.02398464013822,25.8645644394802,12.2607141314074
"776",0,0,7.84233426069841,23.5726354133819,10.2350134775043
"777",1,1,5.74444838357158,22.7960832916556,10.8177863806486
"778",0,0,7.282948971726,20.1612566240559,18.4500628570095
"779",0,1,3.77017724700272,27.7622134116767,2.63326093088835
"780",0,1,3.69039908470586,25.4706815447715,10.2968975529075
"781",0,1,1.45928155537695,23.5806445362614,2.22370667383075
"782",1,0,8.70316613302566,22.4663559344435,1.53164249379188
"783",0,1,2.86320053134114,26.895671205149,16.9054409721866
"784",0,1,5.77936381101608,21.4459005853481,19.0795213775709
"785",1,0,4.35618431540206,25.7615337417847,16.4561754884198
"786",1,0,7.35460130427964,29.7568678003111,8.45195214264095
"787",1,0,2.41795667423867,26.6533848617892,17.5067298160866
"788",0,1,4.55666277604178,22.2679988234755,4.5301768835634
"789",0,0,0.202012975467369,17.3676898458811,15.231508705765
"790",0,1,4.13368361955509,22.4038835418106,9.18223624583334
"791",1,0,6.6210197203327,29.3623847449531,7.63485976029187
"792",1,0,4.78069253638387,30.7973858639747,12.1671972284093
"793",1,0,7.87468252284452,29.2051483836452,14.152498296462
"794",0,1,3.7997101934161,23.4537000006767,13.5269814170897
"795",1,1,7.89677559351549,28.0163351373209,11.7541208304465
"796",1,1,1.59483671514317,27.9715759510746,8.85794198606163
"797",0,1,7.45521105243824,16.1294510088479,17.3665925161913
"798",0,0,4.8726007877849,24.1204842680526,6.57442353200167
"799",0,1,2.91487469198182,23.1525954736063,10.1175339985639
"800",1,1,6.85402075527236,26.1307198793888,3.91151856631041
"801",1,1,2.52707628370263,28.3253882042967,0.39944282732904
"802",0,1,4.64353423286229,22.7943049571334,11.8784463498741
"803",0,1,4.60641952604055,16.9538640603355,9.58036394789815
"804",0,1,3.16506434069015,25.5701138276963,10.1863370649517
"805",1,1,2.27905187965371,26.1477000377984,0.1143022114411
"806",0,1,4.01695354585536,30.4854109141544,12.9763612477109
"807",0,1,2.50345338997431,24.4516992212671,5.60722780879587
"808",1,1,0.941391624044627,25.6138283473365,3.62076104152948
"809",0,1,1.82461920822971,24.6078329425855,16.2508443137631
"810",0,1,2.83369132247753,26.1859873407875,16.9564407551661
"811",0,1,0.206978616071865,31.1433375779823,10.7765366975218
"812",0,1,1.00503485323861,19.6781965987129,17.4466367578134
"813",1,1,1.75671910378151,23.5882484228796,0.757818012498319
"814",0,1,2.37584119616076,24.8692689749862,11.1609274381772
"815",1,1,4.32823837548494,24.0716279799542,6.0938077699393
"816",0,1,8.34915085975081,24.3227169433735,18.4597080945969
"817",0,1,6.222344791051,15.6705948245106,18.6759656248614
"818",1,0,4.08944790135138,26.0288618078236,11.6566496482119
"819",1,1,6.35947802639566,29.9462846460413,6.04846646077931
"820",1,1,8.63836333039217,25.5120475415523,7.27259230799973
"821",0,1,8.00279227900319,22.8562943693264,7.41772889625281
"822",1,0,0.961400086060166,27.8183305470824,5.00373389571905
"823",1,0,8.50972824683413,23.941868875244,16.3378853723407
"824",0,1,6.39182117767632,22.0739336171394,6.34126569610089
"825",1,0,8.16509974957444,24.9006722703248,2.25807326380163
"826",1,0,8.84988560434431,28.8122656802112,16.7220672173426
"827",1,1,5.21790249855258,26.0289411997516,19.0767843089998
"828",1,1,0.0898488785605878,36.4901975695907,3.88714746572077
"829",0,1,2.67992307501845,25.6463855559751,8.78845341969281
"830",0,1,5.35968808201142,12.0907653433209,12.8956563118845
"831",1,0,7.78965390496887,29.0928496661417,18.7819971004501
"832",0,1,3.55612949095666,16.7172105922288,8.34978101309389
"833",1,1,3.06527235824615,28.9968457349329,3.12258796300739
"834",1,1,8.93115375679918,25.819404490702,10.0269315531477
"835",1,0,5.87081894930452,27.7111714333418,15.0160741014406
"836",1,1,7.93196843052283,24.4043178660761,6.06268507428467
"837",1,0,4.7170721415896,30.052236775772,4.59372804965824
"838",0,1,5.88935456424952,16.2936327544734,12.1808083401993
"839",0,1,2.10467324475758,14.2571678600972,6.87029318418354
"840",1,0,6.10336874448694,27.2295403673402,12.7025301521644
"841",0,1,1.22623210027814,23.7364869822916,4.31633119937032
"842",0,1,1.35280185355805,20.17254729469,12.2465708106756
"843",0,0,1.04588285135105,25.7755345295648,16.2780612288043
"844",0,1,2.89528726343997,26.8450768755572,4.3764581438154
"845",0,1,2.50852161669172,20.9134065431425,5.2849759766832
"846",1,0,2.56628906261176,29.6629499192014,3.87042551767081
"847",0,1,2.94283939898014,27.3237410464111,13.3918807189912
"848",1,0,6.77368301083334,35.2130033618841,11.0754919052124
"849",0,0,3.54797144955955,24.4789923367365,15.6827702978626
"850",1,0,3.5264571744483,26.6818482479134,10.7319578714669
"851",0,1,5.00639636185952,24.4285848840278,1.20124365203083
"852",0,1,8.8285387409851,19.8158020049111,2.72844126448035
"853",1,1,6.46508582378738,25.4346292307317,7.41609371267259
"854",0,1,2.31636570696719,21.9365462328571,5.91659296769649
"855",0,1,8.80045275203884,18.6637943302285,4.93145501241088
"856",1,0,4.73552136635408,29.7958827390503,8.8184308912605
"857",1,0,4.21369971474633,26.5044358319583,6.71755766496062
"858",1,0,1.25339297857136,24.94929110083,3.27530628535897
"859",1,0,7.19175293692388,24.3431562530091,15.6989172426984
"860",0,1,4.70355057693087,13.2044697492263,3.6016710428521
"861",0,1,7.16028843331151,28.3214085798564,15.708100553602
"862",0,1,7.83249693433754,23.1851718260226,10.0227059330791
"863",1,1,4.18375911237672,29.2098757377199,1.61761261057109
"864",0,1,8.40512378839776,22.2717252843925,18.5542395664379
"865",0,1,5.16041010059416,18.7561746587537,11.1263164551929
"866",1,0,2.29573660693131,29.2639958101123,7.90264253038913
"867",1,0,6.56101766531356,28.8822959797941,3.60459211282432
"868",1,0,8.93618268077262,18.4292933920398,0.180686628445983
"869",0,1,0.480947812087834,18.9257440853995,2.12773335166276
"870",0,1,1.21164418780245,27.8891907359385,18.9873159397393
"871",0,1,2.61777667561546,26.1407186607545,6.60122571978718
"872",0,1,2.81389394821599,24.3326963911128,7.20144561957568
"873",0,1,0.205640717642382,21.9608762946359,0.776225286535919
"874",0,0,7.17380840121768,23.2363076003033,11.7436099797487
"875",0,1,5.26080928277224,21.8318316118968,15.0613489560783
"876",1,0,8.1781710027717,33.9603074279209,16.6233365423977
"877",1,0,2.84426538040861,26.542343433723,4.31036349385977
"878",0,1,0.944808668224141,23.3292001239415,18.0091962777078
"879",1,1,1.1518070991151,33.0934146112079,4.31429812684655
"880",0,1,6.49586514243856,19.0287267682407,1.75007683224976
"881",1,0,7.60661759600043,25.7771466656149,12.944428967312
"882",0,1,7.13170125265606,19.4856119451027,6.52445626445115
"883",0,1,0.137600254034624,25.7171942739288,19.5065832324326
"884",0,1,6.83384773973376,18.5391806135696,12.4092329386622
"885",0,1,2.06399983121082,23.9167723448968,16.9402694934979
"886",0,1,8.31531554530375,20.0380306074736,5.56543115992099
"887",1,0,8.34004772943445,27.0567460578431,18.9760234206915
"888",0,1,0.249085705960169,19.7255623724061,6.90842920914292
"889",0,1,6.44427237217315,20.7464585290437,0.20165849942714
"890",1,1,5.93049088935368,26.702283190497,13.400799469091
"891",0,0,2.15995006472804,20.7680838189739,13.8460718560964
"892",0,1,1.53282164549455,27.5813013084152,17.7891030395404
"893",1,1,5.61918227607384,22.3091755608696,2.83845295198262
"894",0,1,7.20044224848971,18.3996555301376,9.01604825630784
"895",0,0,2.78479697182775,23.3534526510487,16.5604913420975
"896",0,1,5.3183008634951,21.7723001962995,11.2705680262297
"897",1,0,6.34896124410443,30.4646393559586,10.3626779047772
"898",1,0,0.757929151877761,31.5851634110463,7.19355295877904
"899",1,1,3.82600743602961,27.0139294320608,2.6116780564189
"900",1,1,1.99317620065995,27.8704120482159,11.6725740907714
"901",0,1,6.25692702108063,18.9907978240813,18.106849049218
"902",1,0,7.98767278203741,25.9251774380513,10.6254748348147
"903",0,1,3.23283958411776,26.2389365677416,8.49446319509298
"904",0,1,3.73637285130098,15.033605654419,5.28119043447077
"905",1,1,6.13500670320354,24.8739538840483,1.82737335097045
"906",0,1,1.10768100782298,18.19745238507,19.3214041227475
"907",1,0,2.79661992494948,28.0106190577862,14.4077720819041
"908",1,1,2.07340625859797,28.3121764848598,0.0174101768061519
"909",1,0,6.88691078172997,27.0271628085773,15.8885480184108
"910",1,0,7.7114897556603,30.2154100903088,13.9447003835812
"911",0,0,0.358700392534956,21.6462639887062,6.56481496989727
"912",1,0,7.5361708200071,33.4752026213957,13.0069125816226
"913",0,1,0.427221493329853,25.1341802796242,2.44485205505043
"914",0,1,6.19905899441801,18.3036671560468,6.04226712137461
"915",0,1,6.30057300324552,22.7276412960549,6.27273407764733
"916",1,0,8.46582365152426,28.7193960240973,10.1397831412032
"917",0,1,3.94194417516701,21.5950868451619,17.1680545760319
"918",1,0,1.58055201801471,26.0466459831319,4.51124396175146
"919",1,0,4.01313598710112,30.2490576850146,11.3847372448072
"920",0,1,8.95569061953574,22.205155721986,8.57756276149303
"921",0,0,6.245289739687,22.3098448660668,18.9644565526396
"922",0,1,4.46758285956457,24.9653208831025,2.14452860876918
"923",1,0,7.34928796975873,25.1377462583795,6.25177644658834
"924",0,1,5.29514058795758,22.4383857830903,11.8885196652263
"925",1,1,1.61127000837587,34.4133686117444,5.16762612853199
"926",0,1,7.12563750310801,23.8447690655038,18.1362287933007
"927",0,1,0.371994539396837,22.1564161180839,16.2977430596948
"928",1,1,7.35020109848119,27.5279880665954,3.76752323936671
"929",1,1,4.61286020558327,26.7294753342377,2.65243433881551
"930",1,1,6.21191413910128,23.7762213127166,5.31206869985908
"931",0,1,8.74600598355755,20.3010043281369,14.9098298698664
"932",0,0,5.00653407233767,18.2532879790647,9.92378175258636
"933",1,0,2.68743956764229,30.0056412391346,7.60360037907958
"934",0,1,7.61710159457289,21.8506026456517,19.6443374967203
"935",1,0,2.38642080919817,30.775678412258,19.183131987229
"936",0,0,3.85454847640358,24.8589496560821,6.70081917662174
"937",0,1,5.64629760500975,19.9718927422854,3.73444682918489
"938",0,1,1.53519291733392,19.0040616394632,5.08913673460484
"939",1,0,8.00869157351553,34.7999385922796,9.98351036105305
"940",1,0,7.16339181410149,30.668379956688,15.3111470397562
"941",0,1,5.8313394729048,20.9800195744762,17.3677823645994
"942",1,0,1.66596913710237,34.8417073252246,15.1637793239206
"943",1,1,6.49277266860008,26.7872825196054,7.49799253884703
"944",0,1,7.25127296126448,16.1031493622786,18.3333744294941
"945",0,1,1.62501032813452,19.8102094756304,4.65289907995611
"946",0,1,3.8983309767209,18.7134520351658,4.8310594400391
"947",1,1,8.94816047069617,26.8830793112875,0.684401956386864
"948",1,0,7.84174189902842,26.3832773930758,1.76109357271343
"949",0,1,0.450046316720545,22.4760087673646,12.2190412832424
"950",0,0,6.33980935206637,22.7779728605513,15.9630779130384
"951",0,1,1.50274059385993,23.0579334881245,10.4346366366372
"952",0,1,4.99096831236966,24.5759086111523,9.75962148047984
"953",0,1,0.460079345852137,28.3161426849887,19.5041274465621
"954",1,1,3.42646077624522,25.1819145499234,6.79870007093996
"955",1,0,2.99620454153046,28.7184575772368,1.48320216219872
"956",1,0,8.01382891112007,31.4063083789567,15.1215803483501
"957",1,1,6.13911583274603,25.3473185723939,13.4637234872207
"958",1,1,1.08742285310291,30.4753804882019,1.20246853213757
"959",1,1,7.77563173533417,22.9603367229493,4.44938061758876
"960",1,0,6.99799468601122,25.0109574832799,18.28117295634
"961",0,1,1.30354957887903,21.6628192858566,10.8922617230564
"962",1,0,7.50476348306984,24.6600772493224,13.3898627012968
"963",0,1,0.820404890924692,25.3891827636596,0.675999713130295
"964",1,0,1.92287371284328,29.7453759261017,0.0394720770418644
"965",1,0,5.6864892791491,24.5614872440735,19.7298116935417
"966",0,1,3.06705692620017,20.4498400444153,0.524820457212627
"967",1,1,6.07026605866849,30.3084424157726,6.02903079707175
"968",1,0,7.90507392492145,30.9222875277395,8.13895660452545
"969",1,0,5.10698581323959,29.7346986608951,10.9124931134284
"970",1,0,5.61429344723001,30.1960376367739,11.0693024005741
"971",1,1,0.594142985763028,32.6310526243184,16.2297563022003
"972",0,1,6.01068358914927,19.1825847754465,7.41021178197116
"973",0,1,6.55718232016079,23.9242268696095,0.543295927345753
"974",1,0,7.16014021402225,27.4040881209447,5.08727844338864
"975",0,0,0.198937653098255,28.3379110480761,18.8303764211014
"976",1,0,0.21756859542802,32.22803697861,4.21782764606178
"977",0,1,5.51066756341606,15.7312298854433,16.4349901722744
"978",1,0,6.16621195245534,28.1390640426583,17.3189698997885
"979",1,0,2.673772623064,28.7306072098643,14.8976125055924
"980",1,0,7.78937126719393,25.3209886246315,12.8855366352946
"981",0,1,6.10991528746672,19.8071758360363,18.5949059110135
"982",1,1,5.23681163415313,21.3496726658066,11.5942667564377
"983",1,0,1.42097276472487,30.1888371020351,1.22357989195734
"984",0,1,7.9397296034731,19.8563136746746,16.851308112964
"985",1,0,8.82921611191705,34.4523298081429,18.3177533140406
"986",1,1,8.87650548527017,26.2438981623926,5.02855056431144
"987",1,1,4.42917263531126,31.0426210169054,1.25668662134558
"988",1,0,2.4079150641337,29.7317354547756,11.5412859898061
"989",1,1,6.07847136980854,23.0484064111591,12.5753598194569
"990",1,0,2.22543943533674,23.3091598537098,0.709634157828987
"991",0,0,3.37476053740829,21.6928987112788,12.6596675766632
"992",1,1,7.45914720883593,25.3574051365051,18.7623979756609
"993",1,0,2.89593962277286,26.9424433600833,4.92732154671103
"994",1,0,3.20393495983444,34.2980653536166,9.59412860218436
"995",0,0,7.10125102847815,23.656488674299,12.8049254370853
"996",0,1,1.86701689241454,25.3254443642945,18.0218869354576
"997",0,1,5.25341472169384,21.2933209602744,18.4908406017348
"998",1,0,8.11664173775353,24.3345835197816,13.1764473579824
"999",1,1,7.02723214728758,30.2101249030306,19.4194479752332
"1000",1,0,4.2641166925896,29.7238781784405,4.54466160386801
